<?xml version="1.0"?>
<!--                                                                --> 
<!-- ===================== WARNING ==========================       --> 
<!-- |                                                      |       --> 
<!-- | The contents of this file must not be changed if the |       --> 
<!-- | program is to operate correctly. To avoid problems,  |       --> 
<!-- | please do NOT edit this file.                        |       --> 
<!-- | This file has been automaticaly generated by JOSAST  |       --> 
<!-- | project and with data from AMSATLIST DATABASE.       |       --> 
<!-- |                                                      |       --> 
<!-- ========================================================       --> 
<!--                                                                --> 
<!-- Filename ..: SDR_SAT_45115_Custom_data.XML" --> 
<!-- Created ...: Sun Jan 24 14:43:00 CET 2021                              --> 
<!-- Username ..: Automatic generation JOSAST                       --> 
<!-- Program ...: SDR Console.exe                                   --> 
<!--                                                                --> 
<SatCustomRoot xml:lang="EN" Description="SwampSat II" Created="Sun Jan 24 14:43:00 CET 2021">
<HomePage URL="http://amsat-f.org/AMSATLIST/SatellitePage/UK/45115SwampSat II.html"></HomePage>
<FreqDefn IsFilter="0" IsTransmit="0" ModeEnum="7" ModeTx="33554432" FrequencyHz=" 145875000 " CenterFreqHz=" 145875000 " DisplaySpanHz="0" FilterHiHz="0" FilterLoHz="0" Title="SwampSat II: Beacon ">
</FreqDefn>
<FreqDefn IsFilter="0" IsTransmit="0" ModeEnum="7" ModeTx="33554432" FrequencyHz="  436350000" CenterFreqHz="  436350000" DisplaySpanHz="0" FilterHiHz="0" FilterLoHz="0" Title="SwampSat II: Beacon ">
</FreqDefn>
<FreqDefn IsFilter="0" IsTransmit="0" ModeEnum="1" ModeTx="67108864" FrequencyHz="2432000000 " CenterFreqHz="2432000000 " DisplaySpanHz="0" FilterHiHz="0" FilterLoHz="0" Title="SwampSat II: Beacon ">
</FreqDefn>
</SatCustomRoot>