<?xml version="1.0"?>
<!--                                                                -->
<!-- ===================== WARNING ==========================       -->
<!-- | The contents of this file must not be changed if the |       -->
<!-- | program is to operate correctly. To avoid problems,  |       -->
<!-- | please do NOT edit this file.                        |       -->
<!-- ========================================================       -->
<!--                                                                -->
<!-- Filename ..: SDR_SAT_40910_Custom_data.XML                     -->
<!-- Created ...: 2021-01-25 16:28:15                               -->
<!-- Computer ..: LARSTH-T490                                       -->
<!-- Username ..: Lars Thunberg                                     -->
<!-- Program ...: SDR Console.exe                                   -->
<!--                                                                -->
<!-- E:\SDRPhaseTwo\SDRSatelliteTracking\CustomSatData.cpp line 194 -->
<!--                                                                -->
<SatCustomRoot xml:lang="EN" Description="Custom satellite data" Created="25-Jan-2021 16:28"><HomePage URL="http://amsat-f.org/AMSATLIST/SatellitePage/UK/40910XW-2F (CAS-3F).html"></HomePage><FreqDefn IsFilter="0" IsTransmit="0" ModeEnum="5" ModeTx="33554432" FrequencyHz="145975000" CenterFreqHz="145975000" DisplaySpanHz="0" FilterHiHz="0" FilterLoHz="0" Title="XW-2F (CAS-3F): Beacon"></FreqDefn><FreqDefn IsFilter="0" IsTransmit="0" ModeEnum="8" ModeTx="33554432" FrequencyHz="145955000" CenterFreqHz="145955000" DisplaySpanHz="0" FilterHiHz="0" FilterLoHz="0" Title="XW-2F (CAS-3F): Digital Beacon"></FreqDefn><FreqDefn IsFilter="0" IsTransmit="1" ModeEnum="1" ModeTx="67108864" FrequencyHz="435340000" CenterFreqHz="0" DisplaySpanHz="0" FilterHiHz="0" FilterLoHz="0" Title="XW-2F Uplink Transponder"></FreqDefn><FreqDefn IsFilter="0" IsTransmit="0" ModeEnum="1" ModeTx="33554432" FrequencyHz="145990000" CenterFreqHz="0" DisplaySpanHz="0" FilterHiHz="0" FilterLoHz="0" Title="XW-2F Downlink Transponder"></FreqDefn></SatCustomRoot>
