<?xml version="1.0"?>
<!--                                                                --> 
<!-- ===================== WARNING ==========================       --> 
<!-- |                                                      |       --> 
<!-- | The contents of this file must not be changed if the |       --> 
<!-- | program is to operate correctly. To avoid problems,  |       --> 
<!-- | please do NOT edit this file.                        |       --> 
<!-- | This file has been automaticaly generated by JOSAST  |       --> 
<!-- | project and with data from AMSATLIST DATABASE.       |       --> 
<!-- |                                                      |       --> 
<!-- ========================================================       --> 
<!--                                                                --> 
<!-- Filename ..: SDR_SAT_40909_Custom_data.XML" --> 
<!-- Created ...: Sun Jan 24 14:42:57 CET 2021                              --> 
<!-- Username ..: Automatic generation JOSAST                       --> 
<!-- Program ...: SDR Console.exe                                   --> 
<!--                                                                --> 
<SatCustomRoot xml:lang="EN" Description="CAS-3E (XW-2E)" Created="Sun Jan 24 14:42:57 CET 2021">
<HomePage URL="http://amsat-f.org/AMSATLIST/SatellitePage/UK/40909CAS-3E (XW-2E).html"></HomePage>
<FreqDefn IsFilter="0" IsTransmit="0" ModeEnum="5" ModeTx="33554432" FrequencyHz="145910000" CenterFreqHz="145910000" DisplaySpanHz="0" FilterHiHz="0" FilterLoHz="0" Title="CAS-3E (XW-2E): Beacon ">
</FreqDefn>
<FreqDefn IsFilter="0" IsTransmit="0" ModeEnum="7" ModeTx="33554432" FrequencyHz="145890000" CenterFreqHz="145890000" DisplaySpanHz="0" FilterHiHz="0" FilterLoHz="0" Title="CAS-3E (XW-2E): Beacon ">
</FreqDefn>
<FreqDefn IsFilter="0" IsTransmit="1" ModeEnum="1" ModeTx="67108864" FrequencyHz="435270000" CenterFreqHz="0" DisplaySpanHz="0" FilterHiHz="0" FilterLoHz="0" Title="CAS-3E (XW-2E):Repeater">
</FreqDefn>
<FreqDefn IsFilter="0" IsTransmit="0" ModeEnum="1" ModeTx="33554432" FrequencyHz="145915000" CenterFreqHz="0" DisplaySpanHz="0" FilterHiHz="0" FilterLoHz="0" Title="CAS-3E (XW-2E):Repeater">
</FreqDefn>
</SatCustomRoot>