<?xml version="1.0"?>
<!--                                                                --> 
<!-- ===================== WARNING ==========================       --> 
<!-- |                                                      |       --> 
<!-- | The contents of this file must not be changed if the |       --> 
<!-- | program is to operate correctly. To avoid problems,  |       --> 
<!-- | please do NOT edit this file.                        |       --> 
<!-- | This file has been automaticaly generated by JOSAST  |       --> 
<!-- | project and with data from AMSATLIST DATABASE.       |       --> 
<!-- |                                                      |       --> 
<!-- ========================================================       --> 
<!--                                                                --> 
<!-- Filename ..: SDR_SAT_43700_Custom_data.XML" --> 
<!-- Created ...: Sun Jan 24 14:42:57 CET 2021                              --> 
<!-- Username ..: Automatic generation JOSAST                       --> 
<!-- Program ...: SDR Console.exe                                   --> 
<!--                                                                --> 
<SatCustomRoot xml:lang="EN" Description="Es'Hail-2 (Phase-4A QO-100)" Created="Sun Jan 24 14:42:57 CET 2021">
<HomePage URL="http://amsat-f.org/AMSATLIST/SatellitePage/UK/43700Es'Hail-2 (Phase-4A QO-100).html"></HomePage>
<FreqDefn IsFilter="0" IsTransmit="0" ModeEnum="7" ModeTx="33554432" FrequencyHz="" CenterFreqHz="" DisplaySpanHz="0" FilterHiHz="0" FilterLoHz="0" Title="Es'Hail-2 (Phase-4A QO-100): Beacon ">
</FreqDefn>
<FreqDefn IsFilter="0" IsTransmit="1" ModeEnum="7" ModeTx="33554432" FrequencyHz="2400050000" CenterFreqHz="0" DisplaySpanHz="0" FilterHiHz="0" FilterLoHz="0" Title="Es'Hail-2 (Phase-4A QO-100):Narrowband Linear transponder">
</FreqDefn>
<FreqDefn IsFilter="0" IsTransmit="0" ModeEnum="7" ModeTx="33554432" FrequencyHz="10489550000" CenterFreqHz="0" DisplaySpanHz="0" FilterHiHz="0" FilterLoHz="0" Title="Es'Hail-2 (Phase-4A QO-100):Narrowband Linear transponder">
</FreqDefn>
<FreqDefn IsFilter="0" IsTransmit="1" ModeEnum="7" ModeTx="33554432" FrequencyHz="2401500000" CenterFreqHz="0" DisplaySpanHz="0" FilterHiHz="0" FilterLoHz="0" Title="Es'Hail-2 (Phase-4A QO-100):Wideband digital transponder">
</FreqDefn>
<FreqDefn IsFilter="0" IsTransmit="0" ModeEnum="7" ModeTx="33554432" FrequencyHz="10491000000" CenterFreqHz="0" DisplaySpanHz="0" FilterHiHz="0" FilterLoHz="0" Title="Es'Hail-2 (Phase-4A QO-100):Wideband digital transponder">
</FreqDefn>
</SatCustomRoot>