<?xml version="1.0"?>
<!--                                                                --> 
<!-- ===================== WARNING ==========================       --> 
<!-- |                                                      |       --> 
<!-- | The contents of this file must not be changed if the |       --> 
<!-- | program is to operate correctly. To avoid problems,  |       --> 
<!-- | please do NOT edit this file.                        |       --> 
<!-- | This file has been automaticaly generated by JOSAST  |       --> 
<!-- | project and with data from AMSATLIST DATABASE.       |       --> 
<!-- |                                                      |       --> 
<!-- ========================================================       --> 
<!--                                                                --> 
<!-- Filename ..: SDR_SAT_43640_Custom_data.XML" --> 
<!-- Created ...: Sun Jan 24 14:43:00 CET 2021                              --> 
<!-- Username ..: Automatic generation JOSAST                       --> 
<!-- Program ...: SDR Console.exe                                   --> 
<!--                                                                --> 
<SatCustomRoot xml:lang="EN" Description="STARS-Me (Mother)" Created="Sun Jan 24 14:43:00 CET 2021">
<HomePage URL="http://amsat-f.org/AMSATLIST/SatellitePage/UK/43640STARS-Me (Mother).html"></HomePage>
<FreqDefn IsFilter="0" IsTransmit="0" ModeEnum="5" ModeTx="33554432" FrequencyHz="437245000" CenterFreqHz="437245000" DisplaySpanHz="0" FilterHiHz="0" FilterLoHz="0" Title="STARS-Me (Mother): Mother - Beacon 1 ">
</FreqDefn>
<FreqDefn IsFilter="0" IsTransmit="0" ModeEnum="5" ModeTx="33554432" FrequencyHz="437405000" CenterFreqHz="437405000" DisplaySpanHz="0" FilterHiHz="0" FilterLoHz="0" Title="STARS-Me (Mother): Mother - Beacon 2 ">
</FreqDefn>
<FreqDefn IsFilter="0" IsTransmit="0" ModeEnum="5" ModeTx="33554432" FrequencyHz="437255000" CenterFreqHz="437255000" DisplaySpanHz="0" FilterHiHz="0" FilterLoHz="0" Title="STARS-Me (Mother): Daughter - Beacon 1 ">
</FreqDefn>
<FreqDefn IsFilter="0" IsTransmit="0" ModeEnum="5" ModeTx="33554432" FrequencyHz="437425000" CenterFreqHz="437425000" DisplaySpanHz="0" FilterHiHz="0" FilterLoHz="0" Title="STARS-Me (Mother): Daughter - Beacon 2 ">
</FreqDefn>
</SatCustomRoot>