<?xml version="1.0"?>
<!--                                                                --> 
<!-- ===================== WARNING ==========================       --> 
<!-- |                                                      |       --> 
<!-- | The contents of this file must not be changed if the |       --> 
<!-- | program is to operate correctly. To avoid problems,  |       --> 
<!-- | please do NOT edit this file.                        |       --> 
<!-- | This file has been automaticaly generated by JOSAST  |       --> 
<!-- | project and with data from AMSATLIST DATABASE.       |       --> 
<!-- |                                                      |       --> 
<!-- ========================================================       --> 
<!--                                                                --> 
<!-- Filename ..: SDR_SAT_43156_Custom_data.XML" --> 
<!-- Created ...: Sun Jan 24 14:42:58 CET 2021                              --> 
<!-- Username ..: Automatic generation JOSAST                       --> 
<!-- Program ...: SDR Console.exe                                   --> 
<!--                                                                --> 
<SatCustomRoot xml:lang="EN" Description="HA-1 (Zhou Enlai Huai'An-1)" Created="Sun Jan 24 14:42:58 CET 2021">
<HomePage URL="http://amsat-f.org/AMSATLIST/SatellitePage/UK/43156HA-1 (Zhou Enlai Huai'An-1).html"></HomePage>
<FreqDefn IsFilter="0" IsTransmit="0" ModeEnum="1" ModeTx="67108864" FrequencyHz="437350000" CenterFreqHz="437350000" DisplaySpanHz="0" FilterHiHz="0" FilterLoHz="0" Title="HA-1 (Zhou Enlai Huai'An-1): Beacon ">
</FreqDefn>
<FreqDefn IsFilter="0" IsTransmit="0" ModeEnum="1" ModeTx="67108864" FrequencyHz="437644000" CenterFreqHz="437644000" DisplaySpanHz="0" FilterHiHz="0" FilterLoHz="0" Title="HA-1 (Zhou Enlai Huai'An-1): Beacon ">
</FreqDefn>
<FreqDefn IsFilter="0" IsTransmit="1" ModeEnum="7" ModeTx="33554432" FrequencyHz="145930000" CenterFreqHz="0" DisplaySpanHz="0" FilterHiHz="0" FilterLoHz="0" Title="HA-1 (Zhou Enlai Huai'An-1):Repeater">
</FreqDefn>
<FreqDefn IsFilter="0" IsTransmit="0" ModeEnum="7" ModeTx="33554432" FrequencyHz="436950000" CenterFreqHz="0" DisplaySpanHz="0" FilterHiHz="0" FilterLoHz="0" Title="HA-1 (Zhou Enlai Huai'An-1):Repeater">
</FreqDefn>
</SatCustomRoot>