<?xml version="1.0"?>
<!--                                                                -->
<!-- ===================== WARNING ==========================       -->
<!-- | The contents of this file must not be changed if the |       -->
<!-- | program is to operate correctly. To avoid problems,  |       -->
<!-- | please do NOT edit this file.                        |       -->
<!-- ========================================================       -->
<!--                                                                -->
<!-- Filename ..: SDR_SAT_24278_Custom_data.XML                     -->
<!-- Created ...: 2021-01-25 15:31:43                               -->
<!-- Computer ..: LARSTH-T490                                       -->
<!-- Username ..: Lars Thunberg                                     -->
<!-- Program ...: SDR Console.exe                                   -->
<!--                                                                -->
<!-- E:\SDRPhaseTwo\SDRSatelliteTracking\CustomSatData.cpp line 194 -->
<!--                                                                -->
<SatCustomRoot xml:lang="EN" Description="Custom satellite data" Created="25-Jan-2021 15:31"><HomePage URL="http://amsat-f.org/AMSATLIST/SatellitePage/UK/24278FO-29(JAS-2).html"></HomePage><FreqDefn IsFilter="0" IsTransmit="0" ModeEnum="5" ModeTx="33554432" FrequencyHz="435795000" CenterFreqHz="0" DisplaySpanHz="0" FilterHiHz="0" FilterLoHz="0" Title="FO-29 CW Beacon"></FreqDefn><FreqDefn IsFilter="0" IsTransmit="0" ModeEnum="1" ModeTx="33554432" FrequencyHz="435850000" CenterFreqHz="0" DisplaySpanHz="0" FilterHiHz="0" FilterLoHz="0" Title="Downlink Transponder SSB"></FreqDefn><FreqDefn IsFilter="0" IsTransmit="1" ModeEnum="1" ModeTx="67108864" FrequencyHz="145950000" CenterFreqHz="0" DisplaySpanHz="0" FilterHiHz="0" FilterLoHz="0" Title="Uplink Transponder SSB"></FreqDefn></SatCustomRoot>
