<?xml version="1.0"?>
<!--                                                                --> 
<!-- ===================== WARNING ==========================       --> 
<!-- |                                                      |       --> 
<!-- | The contents of this file must not be changed if the |       --> 
<!-- | program is to operate correctly. To avoid problems,  |       --> 
<!-- | please do NOT edit this file.                        |       --> 
<!-- | This file has been automaticaly generated by JOSAST  |       --> 
<!-- | project and with data from AMSATLIST DATABASE.       |       --> 
<!-- |                                                      |       --> 
<!-- ========================================================       --> 
<!--                                                                --> 
<!-- Filename ..: SDR_SAT_7530_Custom_data.XML" --> 
<!-- Created ...: Sun Jan 24 14:42:57 CET 2021                              --> 
<!-- Username ..: Automatic generation JOSAST                       --> 
<!-- Program ...: SDR Console.exe                                   --> 
<!--                                                                --> 
<SatCustomRoot xml:lang="EN" Description="AO-7(Phase-2B)" Created="Sun Jan 24 14:42:57 CET 2021">
<HomePage URL="http://amsat-f.org/AMSATLIST/SatellitePage/UK/7530AO-7(Phase-2B).html"></HomePage>
<FreqDefn IsFilter="0" IsTransmit="0" ModeEnum="5" ModeTx="33554432" FrequencyHz="29502000" CenterFreqHz="29502000" DisplaySpanHz="0" FilterHiHz="0" FilterLoHz="0" Title="AO-7(Phase-2B):Mode V/A (A) TLM Beacon">
</FreqDefn>
<FreqDefn IsFilter="0" IsTransmit="0" ModeEnum="5" ModeTx="33554432" FrequencyHz="1459775000" CenterFreqHz="1459775000" DisplaySpanHz="0" FilterHiHz="0" FilterLoHz="0" Title="AO-7(Phase-2B):Mode U/V (B) TLM Beacon">
</FreqDefn>
<FreqDefn IsFilter="0" IsTransmit="0" ModeEnum="5" ModeTx="33554432" FrequencyHz="435100000" CenterFreqHz="435100000" DisplaySpanHz="0" FilterHiHz="0" FilterLoHz="0" Title="AO-7(Phase-2B):Mode U TLM Beacon">
</FreqDefn>
</SatCustomRoot>