<?xml version="1.0"?>
<!--                                                                -->
<!-- ===================== WARNING ==========================       -->
<!-- | The contents of this file must not be changed if the |       -->
<!-- | program is to operate correctly. To avoid problems,  |       -->
<!-- | please do NOT edit this file.                        |       -->
<!-- ========================================================       -->
<!--                                                                -->
<!-- Filename ..: SDR_SAT_40908_Custom_data.XML                     -->
<!-- Created ...: 2021-01-25 18:49:02                               -->
<!-- Computer ..: LARSTH-T490                                       -->
<!-- Username ..: Lars Thunberg                                     -->
<!-- Program ...: SDR Console.exe                                   -->
<!--                                                                -->
<!-- E:\SDRPhaseTwo\SDRSatelliteTracking\CustomSatData.cpp line 194 -->
<!--                                                                -->
<SatCustomRoot xml:lang="EN" Description="Custom satellite data" Created="25-Jan-2021 18:49"><HomePage URL="http://amsat-f.org/AMSATLIST/SatellitePage/UK/40908LilacSat-2 (CAS-3H).html"></HomePage><FreqDefn IsFilter="0" IsTransmit="0" ModeEnum="7" ModeTx="33554432" FrequencyHz="437200000" CenterFreqHz="437200000" DisplaySpanHz="0" FilterHiHz="0" FilterLoHz="0" Title="LilacSat-2 (CAS-3H): Beacon"></FreqDefn><FreqDefn IsFilter="0" IsTransmit="1" ModeEnum="7" ModeTx="1073741824" FrequencyHz="144350000" CenterFreqHz="0" DisplaySpanHz="0" FilterHiHz="0" FilterLoHz="0" Title="LilacSat-2 Repeater FM Up"></FreqDefn><FreqDefn IsFilter="0" IsTransmit="0" ModeEnum="7" ModeTx="33554432" FrequencyHz="437200000" CenterFreqHz="0" DisplaySpanHz="0" FilterHiHz="0" FilterLoHz="0" Title="LilacSat-2 Repeater FM Down"></FreqDefn></SatCustomRoot>
