<?xml version="1.0"?>
<!--                                                                --> 
<!-- ===================== WARNING ==========================       --> 
<!-- |                                                      |       --> 
<!-- | The contents of this file must not be changed if the |       --> 
<!-- | program is to operate correctly. To avoid problems,  |       --> 
<!-- | please do NOT edit this file.                        |       --> 
<!-- | This file has been automaticaly generated by JOSAST  |       --> 
<!-- | project and with data from AMSATLIST DATABASE.       |       --> 
<!-- |                                                      |       --> 
<!-- ========================================================       --> 
<!--                                                                --> 
<!-- Filename ..: SDR_SAT_39417_Custom_data.XML" --> 
<!-- Created ...: Sun Jan 24 14:43:00 CET 2021                              --> 
<!-- Username ..: Automatic generation JOSAST                       --> 
<!-- Program ...: SDR Console.exe                                   --> 
<!--                                                                --> 
<SatCustomRoot xml:lang="EN" Description="ZACube-1" Created="Sun Jan 24 14:43:00 CET 2021">
<HomePage URL="http://amsat-f.org/AMSATLIST/SatellitePage/UK/39417ZACube-1.html"></HomePage>
<FreqDefn IsFilter="0" IsTransmit="0" ModeEnum="7" ModeTx="33554432" FrequencyHz="14099000" CenterFreqHz="14099000" DisplaySpanHz="0" FilterHiHz="0" FilterLoHz="0" Title="ZACube-1:Main">
</FreqDefn>
<FreqDefn IsFilter="0" IsTransmit="1" ModeEnum="7" ModeTx="33554432" FrequencyHz="145860000" CenterFreqHz="0" DisplaySpanHz="0" FilterHiHz="0" FilterLoHz="0" Title="ZACube-1:Repeater">
</FreqDefn>
<FreqDefn IsFilter="0" IsTransmit="0" ModeEnum="7" ModeTx="33554432" FrequencyHz="437245000" CenterFreqHz="0" DisplaySpanHz="0" FilterHiHz="0" FilterLoHz="0" Title="ZACube-1:Repeater">
</FreqDefn>
</SatCustomRoot>