<?xml version="1.0"?>
<!--                                                                --> 
<!-- ===================== WARNING ==========================       --> 
<!-- |                                                      |       --> 
<!-- | The contents of this file must not be changed if the |       --> 
<!-- | program is to operate correctly. To avoid problems,  |       --> 
<!-- | please do NOT edit this file.                        |       --> 
<!-- | This file has been automaticaly generated by JOSAST  |       --> 
<!-- | project and with data from AMSATLIST DATABASE.       |       --> 
<!-- |                                                      |       --> 
<!-- ========================================================       --> 
<!--                                                                --> 
<!-- Filename ..: SDR_SAT_44443_Custom_data.XML" --> 
<!-- Created ...: Sun Jan 24 14:42:57 CET 2021                              --> 
<!-- Username ..: Automatic generation JOSAST                       --> 
<!-- Program ...: SDR Console.exe                                   --> 
<!--                                                                --> 
<SatCustomRoot xml:lang="EN" Description="CAS-7B (BP-1B)" Created="Sun Jan 24 14:42:57 CET 2021">
<HomePage URL="http://amsat-f.org/AMSATLIST/SatellitePage/UK/44443CAS-7B (BP-1B).html"></HomePage>
<FreqDefn IsFilter="0" IsTransmit="0" ModeEnum="5" ModeTx="33554432" FrequencyHz=" 435715000" CenterFreqHz=" 435715000" DisplaySpanHz="0" FilterHiHz="0" FilterLoHz="0" Title="CAS-7B (BP-1B):CW Beacon">
</FreqDefn>
<FreqDefn IsFilter="0" IsTransmit="1" ModeEnum="7" ModeTx="33554432" FrequencyHz="145900000" CenterFreqHz="0" DisplaySpanHz="0" FilterHiHz="0" FilterLoHz="0" Title="CAS-7B (BP-1B):FM Transpondeur ">
</FreqDefn>
<FreqDefn IsFilter="0" IsTransmit="0" ModeEnum="7" ModeTx="33554432" FrequencyHz="435690000" CenterFreqHz="0" DisplaySpanHz="0" FilterHiHz="0" FilterLoHz="0" Title="CAS-7B (BP-1B):FM Transpondeur ">
</FreqDefn>
</SatCustomRoot>