<?xml version="1.0"?>
<!--                                                                -->
<!-- ===================== WARNING ==========================       -->
<!-- | The contents of this file must not be changed if the |       -->
<!-- | program is to operate correctly. To avoid problems,  |       -->
<!-- | please do NOT edit this file.                        |       -->
<!-- ========================================================       -->
<!--                                                                -->
<!-- Filename ..: SDR_SAT_40907_Custom_data.XML                     -->
<!-- Created ...: 2021-01-25 16:26:30                               -->
<!-- Computer ..: LARSTH-T490                                       -->
<!-- Username ..: Lars Thunberg                                     -->
<!-- Program ...: SDR Console.exe                                   -->
<!--                                                                -->
<!-- E:\SDRPhaseTwo\SDRSatelliteTracking\CustomSatData.cpp line 194 -->
<!--                                                                -->
<SatCustomRoot xml:lang="EN" Description="Custom satellite data" Created="25-Jan-2021 16:26"><HomePage URL="http://amsat-f.org/AMSATLIST/SatellitePage/UK/40907XW-2D (CAS 3D).html"></HomePage><FreqDefn IsFilter="0" IsTransmit="0" ModeEnum="5" ModeTx="33554432" FrequencyHz="145855000" CenterFreqHz="145855000" DisplaySpanHz="0" FilterHiHz="0" FilterLoHz="0" Title="XW-2D (CAS 3D):CW Beacon"></FreqDefn><FreqDefn IsFilter="0" IsTransmit="0" ModeEnum="8" ModeTx="33554432" FrequencyHz="145835000" CenterFreqHz="145835000" DisplaySpanHz="0" FilterHiHz="0" FilterLoHz="0" Title="XW-2D (CAS 3D):Digital Telemetry"></FreqDefn><FreqDefn IsFilter="0" IsTransmit="1" ModeEnum="1" ModeTx="67108864" FrequencyHz="435220000" CenterFreqHz="0" DisplaySpanHz="0" FilterHiHz="0" FilterLoHz="0" Title="XW-2D Uplink Linear Transponder"></FreqDefn><FreqDefn IsFilter="0" IsTransmit="0" ModeEnum="1" ModeTx="33554432" FrequencyHz="145870000" CenterFreqHz="0" DisplaySpanHz="0" FilterHiHz="0" FilterLoHz="0" Title="XW-2D Downlink Linear Transponder"></FreqDefn></SatCustomRoot>
