<?xml version="1.0"?>
<!--                                                                --> 
<!-- ===================== WARNING ==========================       --> 
<!-- |                                                      |       --> 
<!-- | The contents of this file must not be changed if the |       --> 
<!-- | program is to operate correctly. To avoid problems,  |       --> 
<!-- | please do NOT edit this file.                        |       --> 
<!-- | This file has been automaticaly generated by JOSAST  |       --> 
<!-- | project and with data from AMSATLIST DATABASE.       |       --> 
<!-- |                                                      |       --> 
<!-- ========================================================       --> 
<!--                                                                --> 
<!-- Filename ..: SDR_SAT_40654_Custom_data.XML" --> 
<!-- Created ...: Sun Jan 24 14:42:59 CET 2021                              --> 
<!-- Username ..: Automatic generation JOSAST                       --> 
<!-- Program ...: SDR Console.exe                                   --> 
<!--                                                                --> 
<SatCustomRoot xml:lang="EN" Description="ParkinsonSAT (PSAT)" Created="Sun Jan 24 14:42:59 CET 2021">
<HomePage URL="http://amsat-f.org/AMSATLIST/SatellitePage/UK/40654ParkinsonSAT (PSAT).html"></HomePage>
<FreqDefn IsFilter="0" IsTransmit="0" ModeEnum="7" ModeTx="33554432" FrequencyHz="145825000" CenterFreqHz="145825000" DisplaySpanHz="0" FilterHiHz="0" FilterLoHz="0" Title="ParkinsonSAT (PSAT):APRS">
</FreqDefn>
<FreqDefn IsFilter="0" IsTransmit="0" ModeEnum="1" ModeTx="67108864" FrequencyHz="435350000" CenterFreqHz="435350000" DisplaySpanHz="0" FilterHiHz="0" FilterLoHz="0" Title="ParkinsonSAT (PSAT):PSK31">
</FreqDefn>
<FreqDefn IsFilter="0" IsTransmit="1" ModeEnum="1" ModeTx="67108864" FrequencyHz="28120000" CenterFreqHz="0" DisplaySpanHz="0" FilterHiHz="0" FilterLoHz="0" Title="ParkinsonSAT (PSAT):PSK31">
</FreqDefn>
<FreqDefn IsFilter="0" IsTransmit="0" ModeEnum="1" ModeTx="33554432" FrequencyHz="435035000" CenterFreqHz="0" DisplaySpanHz="0" FilterHiHz="0" FilterLoHz="0" Title="ParkinsonSAT (PSAT):PSK31">
</FreqDefn>
</SatCustomRoot>