<?xml version="1.0"?>
<!--                                                                -->
<!-- ===================== WARNING ==========================       -->
<!-- | The contents of this file must not be changed if the |       -->
<!-- | program is to operate correctly. To avoid problems,  |       -->
<!-- | please do NOT edit this file.                        |       -->
<!-- ========================================================       -->
<!--                                                                -->
<!-- Filename ..: SDR_SAT_44909_Custom_data.XML                     -->
<!-- Created ...: 2021-08-24 14:49:17                               -->
<!-- Computer ..: LARSTH-T490                                       -->
<!-- Username ..: Lars Thunberg                                     -->
<!-- Program ...: SDR Console.exe                                   -->
<!--                                                                -->
<!-- E:\SDRPhaseTwo\SDRSatelliteTracking\CustomSatData.cpp line 194 -->
<!--                                                                -->
<SatCustomRoot xml:lang="EN" Description="Custom satellite data" Created="24-Aug-2021 14:49"><FreqDefn IsFilter="0" IsTransmit="0" ModeEnum="5" ModeTx="33554432" FrequencyHz="435605000" CenterFreqHz="0" DisplaySpanHz="0" FilterHiHz="0" FilterLoHz="0" Title="CW Beacon 435.605"></FreqDefn><FreqDefn IsFilter="0" IsTransmit="0" ModeEnum="1" ModeTx="33554432" FrequencyHz="435640000" CenterFreqHz="435640000" DisplaySpanHz="0" FilterHiHz="0" FilterLoHz="0" Title="Downlink Transponder SSB"></FreqDefn><FreqDefn IsFilter="0" IsTransmit="1" ModeEnum="1" ModeTx="67108864" FrequencyHz="145965000" CenterFreqHz="0" DisplaySpanHz="0" FilterHiHz="0" FilterLoHz="0" Title="Uplink Transponder SSB"></FreqDefn><FreqDefn IsFilter="0" IsTransmit="0" ModeEnum="1" ModeTx="33554432" FrequencyHz="435612000" CenterFreqHz="0" DisplaySpanHz="0" FilterHiHz="0" FilterLoHz="0" Title="Downlink FT4"></FreqDefn><FreqDefn IsFilter="0" IsTransmit="1" ModeEnum="1" ModeTx="67108864" FrequencyHz="145993000" CenterFreqHz="0" DisplaySpanHz="0" FilterHiHz="0" FilterLoHz="0" Title="Uplink FT4"></FreqDefn></SatCustomRoot>
