<?xml version="1.0"?>
<!--                                                                --> 
<!-- ===================== WARNING ==========================       --> 
<!-- |                                                      |       --> 
<!-- | The contents of this file must not be changed if the |       --> 
<!-- | program is to operate correctly. To avoid problems,  |       --> 
<!-- | please do NOT edit this file.                        |       --> 
<!-- | This file has been automaticaly generated by JOSAST  |       --> 
<!-- | project and with data from AMSATLIST DATABASE.       |       --> 
<!-- |                                                      |       --> 
<!-- ========================================================       --> 
<!--                                                                --> 
<!-- Filename ..: SDR_SAT_43743_Custom_data.XML" --> 
<!-- Created ...: Sun Jan 24 14:42:59 CET 2021                              --> 
<!-- Username ..: Automatic generation JOSAST                       --> 
<!-- Program ...: SDR Console.exe                                   --> 
<!--                                                                --> 
<SatCustomRoot xml:lang="EN" Description="Reaktor Hello World" Created="Sun Jan 24 14:42:59 CET 2021">
<HomePage URL="http://amsat-f.org/AMSATLIST/SatellitePage/UK/43743Reaktor Hello World.html"></HomePage>
<FreqDefn IsFilter="0" IsTransmit="0" ModeEnum="5" ModeTx="33554432" FrequencyHz="437775000  " CenterFreqHz="437775000  " DisplaySpanHz="0" FilterHiHz="0" FilterLoHz="0" Title="Reaktor Hello World:Telemetry 1 ">
</FreqDefn>
<FreqDefn IsFilter="0" IsTransmit="0" ModeEnum="5" ModeTx="33554432" FrequencyHz="437775270  " CenterFreqHz="437775270  " DisplaySpanHz="0" FilterHiHz="0" FilterLoHz="0" Title="Reaktor Hello World:Telemetry corrected frequency ">
</FreqDefn>
<FreqDefn IsFilter="0" IsTransmit="0" ModeEnum="7" ModeTx="33554432" FrequencyHz="2410000000  " CenterFreqHz="2410000000  " DisplaySpanHz="0" FilterHiHz="0" FilterLoHz="0" Title="Reaktor Hello World:Telemetry 1 ">
</FreqDefn>
</SatCustomRoot>