<?xml version="1.0"?>
<!--                                                                -->
<!-- ===================== WARNING ==========================       -->
<!-- | The contents of this file must not be changed if the |       -->
<!-- | program is to operate correctly. To avoid problems,  |       -->
<!-- | please do NOT edit this file.                        |       -->
<!-- ========================================================       -->
<!--                                                                -->
<!-- Filename ..: SDR_SAT_07530_Custom_data.XML                     -->
<!-- Created ...: 2021-01-25 15:13:55                               -->
<!-- Computer ..: LARSTH-T490                                       -->
<!-- Username ..: Lars Thunberg                                     -->
<!-- Program ...: SDR Console.exe                                   -->
<!--                                                                -->
<!-- E:\SDRPhaseTwo\SDRSatelliteTracking\CustomSatData.cpp line 194 -->
<!--                                                                -->
<SatCustomRoot xml:lang="EN" Description="Custom satellite data" Created="25-Jan-2021 15:13"><HomePage URL="http://ww2.amsat.org/?page_id=1031"></HomePage><FreqDefn IsFilter="0" IsTransmit="0" ModeEnum="1" ModeTx="33554432" FrequencyHz="145950000" CenterFreqHz="145950000" DisplaySpanHz="0" FilterHiHz="0" FilterLoHz="0" Title="Mode B Downlink SSB/CW"></FreqDefn><FreqDefn IsFilter="1" IsTransmit="0" ModeEnum="5" ModeTx="33554432" FrequencyHz="145975000" CenterFreqHz="0" DisplaySpanHz="0" FilterHiHz="1000" FilterLoHz="100" Title="Mode B CW Beacon"></FreqDefn><FreqDefn IsFilter="0" IsTransmit="1" ModeEnum="1" ModeTx="67108864" FrequencyHz="432150000" CenterFreqHz="0" DisplaySpanHz="0" FilterHiHz="0" FilterLoHz="0" Title="Mode B Uplink SSB/CW"></FreqDefn></SatCustomRoot>
