<?xml version="1.0"?>
<!--                                                                -->
<!-- ===================== WARNING ==========================       -->
<!-- | The contents of this file must not be changed if the |       -->
<!-- | program is to operate correctly. To avoid problems,  |       -->
<!-- | please do NOT edit this file.                        |       -->
<!-- ========================================================       -->
<!--                                                                -->
<!-- Filename ..: SDR_SAT_40906_Custom_data.XML                     -->
<!-- Created ...: 2021-01-25 16:24:58                               -->
<!-- Computer ..: LARSTH-T490                                       -->
<!-- Username ..: Lars Thunberg                                     -->
<!-- Program ...: SDR Console.exe                                   -->
<!--                                                                -->
<!-- E:\SDRPhaseTwo\SDRSatelliteTracking\CustomSatData.cpp line 194 -->
<!--                                                                -->
<SatCustomRoot xml:lang="EN" Description="Custom satellite data" Created="25-Jan-2021 16:24"><HomePage URL="http://amsat-f.org/AMSATLIST/SatellitePage/UK/40906XW-2C (CAS 3C).html"></HomePage><FreqDefn IsFilter="0" IsTransmit="0" ModeEnum="5" ModeTx="33554432" FrequencyHz="145790000" CenterFreqHz="145790000" DisplaySpanHz="0" FilterHiHz="0" FilterLoHz="0" Title="XW-2C (CAS 3C):CW Beacon"></FreqDefn><FreqDefn IsFilter="0" IsTransmit="0" ModeEnum="8" ModeTx="33554432" FrequencyHz="145770000" CenterFreqHz="145770000" DisplaySpanHz="0" FilterHiHz="0" FilterLoHz="0" Title="XW-2C (CAS 3C):Digital Telemetry"></FreqDefn><FreqDefn IsFilter="0" IsTransmit="1" ModeEnum="1" ModeTx="67108864" FrequencyHz="435160000" CenterFreqHz="0" DisplaySpanHz="0" FilterHiHz="0" FilterLoHz="0" Title="XW-2C Uplink Linear Transponder"></FreqDefn><FreqDefn IsFilter="0" IsTransmit="0" ModeEnum="1" ModeTx="33554432" FrequencyHz="145805000" CenterFreqHz="0" DisplaySpanHz="0" FilterHiHz="0" FilterLoHz="0" Title="XW-2C Downlink Linear Transponder"></FreqDefn></SatCustomRoot>
