<?xml version="1.0"?>
<!--                                                                -->
<!-- ===================== WARNING ==========================       -->
<!-- | The contents of this file must not be changed if the |       -->
<!-- | program is to operate correctly. To avoid problems,  |       -->
<!-- | please do NOT edit this file.                        |       -->
<!-- ========================================================       -->
<!--                                                                -->
<!-- Filename ..: SDR_SAT_40911_Custom_data.XML                     -->
<!-- Created ...: 2021-01-25 16:23:12                               -->
<!-- Computer ..: LARSTH-T490                                       -->
<!-- Username ..: Lars Thunberg                                     -->
<!-- Program ...: SDR Console.exe                                   -->
<!--                                                                -->
<!-- E:\SDRPhaseTwo\SDRSatelliteTracking\CustomSatData.cpp line 194 -->
<!--                                                                -->
<SatCustomRoot xml:lang="EN" Description="Custom satellite data" Created="25-Jan-2021 16:23"><HomePage URL="http://amsat-f.org/AMSATLIST/SatellitePage/UK/40911XW-2B (CAS 3B).html"></HomePage><FreqDefn IsFilter="0" IsTransmit="0" ModeEnum="5" ModeTx="33554432" FrequencyHz="145725000" CenterFreqHz="145725000" DisplaySpanHz="0" FilterHiHz="0" FilterLoHz="0" Title="XW-2B (CAS 3B):CW Beacon"></FreqDefn><FreqDefn IsFilter="0" IsTransmit="0" ModeEnum="8" ModeTx="33554432" FrequencyHz="145705000" CenterFreqHz="145705000" DisplaySpanHz="0" FilterHiHz="0" FilterLoHz="0" Title="XW-2B (CAS 3B):Digital Telemetry"></FreqDefn><FreqDefn IsFilter="0" IsTransmit="1" ModeEnum="1" ModeTx="67108864" FrequencyHz="435100000" CenterFreqHz="0" DisplaySpanHz="0" FilterHiHz="0" FilterLoHz="0" Title="XW-2B Uplink Linear Transponder"></FreqDefn><FreqDefn IsFilter="0" IsTransmit="0" ModeEnum="1" ModeTx="33554432" FrequencyHz="145740000" CenterFreqHz="0" DisplaySpanHz="0" FilterHiHz="0" FilterLoHz="0" Title="XW-2B Downlink Linear Transponder"></FreqDefn></SatCustomRoot>
