<?xml version="1.0"?>
<!--                                                                --> 
<!-- ===================== WARNING ==========================       --> 
<!-- |                                                      |       --> 
<!-- | The contents of this file must not be changed if the |       --> 
<!-- | program is to operate correctly. To avoid problems,  |       --> 
<!-- | please do NOT edit this file.                        |       --> 
<!-- | This file has been automaticaly generated by JOSAST  |       --> 
<!-- | project and with data from AMSATLIST DATABASE.       |       --> 
<!-- |                                                      |       --> 
<!-- ========================================================       --> 
<!--                                                                --> 
<!-- Filename ..: SDR_SAT_40931_Custom_data.XML" --> 
<!-- Created ...: Sun Jan 24 14:42:58 CET 2021                              --> 
<!-- Username ..: Automatic generation JOSAST                       --> 
<!-- Program ...: SDR Console.exe                                   --> 
<!--                                                                --> 
<SatCustomRoot xml:lang="EN" Description="IO-86 (LAPAN-A2 ORARI)" Created="Sun Jan 24 14:42:58 CET 2021">
<HomePage URL="http://amsat-f.org/AMSATLIST/SatellitePage/UK/40931IO-86 (LAPAN-A2 ORARI).html"></HomePage>
<FreqDefn IsFilter="0" IsTransmit="0" ModeEnum="7" ModeTx="33554432" FrequencyHz="437325000" CenterFreqHz="437325000" DisplaySpanHz="0" FilterHiHz="0" FilterLoHz="0" Title="IO-86 (LAPAN-A2 ORARI): Beacon ">
</FreqDefn>
<FreqDefn IsFilter="0" IsTransmit="1" ModeEnum="7" ModeTx="33554432" FrequencyHz="145825000" CenterFreqHz="0" DisplaySpanHz="0" FilterHiHz="0" FilterLoHz="0" Title="IO-86 (LAPAN-A2 ORARI):Repeater">
</FreqDefn>
<FreqDefn IsFilter="0" IsTransmit="0" ModeEnum="7" ModeTx="33554432" FrequencyHz="145825000" CenterFreqHz="0" DisplaySpanHz="0" FilterHiHz="0" FilterLoHz="0" Title="IO-86 (LAPAN-A2 ORARI):Repeater">
</FreqDefn>
<FreqDefn IsFilter="0" IsTransmit="1" ModeEnum="7" ModeTx="33554432" FrequencyHz="145880000" CenterFreqHz="0" DisplaySpanHz="0" FilterHiHz="0" FilterLoHz="0" Title="IO-86 (LAPAN-A2 ORARI):Repeater">
</FreqDefn>
<FreqDefn IsFilter="0" IsTransmit="0" ModeEnum="7" ModeTx="33554432" FrequencyHz="435880000" CenterFreqHz="0" DisplaySpanHz="0" FilterHiHz="0" FilterLoHz="0" Title="IO-86 (LAPAN-A2 ORARI):Repeater">
</FreqDefn>
</SatCustomRoot>