<?xml version="1.0"?>
<!--                                                                --> 
<!-- ===================== WARNING ==========================       --> 
<!-- |                                                      |       --> 
<!-- | The contents of this file must not be changed if the |       --> 
<!-- | program is to operate correctly. To avoid problems,  |       --> 
<!-- | please do NOT edit this file.                        |       --> 
<!-- | This file has been automaticaly generated by JOSAST  |       --> 
<!-- | project and with data from AMSATLIST DATABASE.       |       --> 
<!-- |                                                      |       --> 
<!-- ========================================================       --> 
<!--                                                                --> 
<!-- Filename ..: SDR_SAT_39439_Custom_data.XML" --> 
<!-- Created ...: Sun Jan 24 14:42:58 CET 2021                              --> 
<!-- Username ..: Automatic generation JOSAST                       --> 
<!-- Program ...: SDR Console.exe                                   --> 
<!--                                                                --> 
<SatCustomRoot xml:lang="EN" Description="First-MOVE" Created="Sun Jan 24 14:42:58 CET 2021">
<HomePage URL="http://amsat-f.org/AMSATLIST/SatellitePage/UK/39439First-MOVE.html"></HomePage>
<FreqDefn IsFilter="0" IsTransmit="0" ModeEnum="1" ModeTx="67108864" FrequencyHz="145970000" CenterFreqHz="145970000" DisplaySpanHz="0" FilterHiHz="0" FilterLoHz="0" Title="First-MOVE:Main">
</FreqDefn>
<FreqDefn IsFilter="0" IsTransmit="1" ModeEnum="7" ModeTx="33554432" FrequencyHz="435520000" CenterFreqHz="0" DisplaySpanHz="0" FilterHiHz="0" FilterLoHz="0" Title="First-MOVE:Repeater">
</FreqDefn>
<FreqDefn IsFilter="0" IsTransmit="0" ModeEnum="7" ModeTx="33554432" FrequencyHz="145970000" CenterFreqHz="0" DisplaySpanHz="0" FilterHiHz="0" FilterLoHz="0" Title="First-MOVE:Repeater">
</FreqDefn>
</SatCustomRoot>