<?xml version="1.0"?>
<!--                                                                --> 
<!-- ===================== WARNING ==========================       --> 
<!-- |                                                      |       --> 
<!-- | The contents of this file must not be changed if the |       --> 
<!-- | program is to operate correctly. To avoid problems,  |       --> 
<!-- | please do NOT edit this file.                        |       --> 
<!-- | This file has been automaticaly generated by JOSAST  |       --> 
<!-- | project and with data from AMSATLIST DATABASE.       |       --> 
<!-- |                                                      |       --> 
<!-- ========================================================       --> 
<!--                                                                --> 
<!-- Filename ..: SDR_SAT_41842_Custom_data.XML" --> 
<!-- Created ...: Sun Jan 24 14:43:00 CET 2021                              --> 
<!-- Username ..: Automatic generation JOSAST                       --> 
<!-- Program ...: SDR Console.exe                                   --> 
<!--                                                                --> 
<SatCustomRoot xml:lang="EN" Description="Xiaoxiang-1 (TY-1 Tianyi-1)" Created="Sun Jan 24 14:43:00 CET 2021">
<HomePage URL="http://amsat-f.org/AMSATLIST/SatellitePage/UK/41842Xiaoxiang-1 (TY-1 Tianyi-1).html"></HomePage>
<FreqDefn IsFilter="0" IsTransmit="0" ModeEnum="7" ModeTx="33554432" FrequencyHz="2401600000 " CenterFreqHz="2401600000 " DisplaySpanHz="0" FilterHiHz="0" FilterLoHz="0" Title="Xiaoxiang-1 (TY-1 Tianyi-1): Beacon ">
</FreqDefn>
<FreqDefn IsFilter="0" IsTransmit="0" ModeEnum="7" ModeTx="33554432" FrequencyHz="437500000 " CenterFreqHz="437500000 " DisplaySpanHz="0" FilterHiHz="0" FilterLoHz="0" Title="Xiaoxiang-1 (TY-1 Tianyi-1): Beacon ">
</FreqDefn>
<FreqDefn IsFilter="0" IsTransmit="0" ModeEnum="7" ModeTx="33554432" FrequencyHz="437525000 " CenterFreqHz="437525000 " DisplaySpanHz="0" FilterHiHz="0" FilterLoHz="0" Title="Xiaoxiang-1 (TY-1 Tianyi-1): Beacon ">
</FreqDefn>
</SatCustomRoot>