<?xml version="1.0"?>
<!--                                                                --> 
<!-- ===================== WARNING ==========================       --> 
<!-- |                                                      |       --> 
<!-- | The contents of this file must not be changed if the |       --> 
<!-- | program is to operate correctly. To avoid problems,  |       --> 
<!-- | please do NOT edit this file.                        |       --> 
<!-- | This file has been automaticaly generated by JOSAST  |       --> 
<!-- | project and with data from AMSATLIST DATABASE.       |       --> 
<!-- |                                                      |       --> 
<!-- ========================================================       --> 
<!--                                                                --> 
<!-- Filename ..: SDR_SAT_43472_Custom_data.XML" --> 
<!-- Created ...: Sun Jan 24 14:42:59 CET 2021                              --> 
<!-- Username ..: Automatic generation JOSAST                       --> 
<!-- Program ...: SDR Console.exe                                   --> 
<!--                                                                --> 
<SatCustomRoot xml:lang="EN" Description="LO-94 (DSLWP-A2)" Created="Sun Jan 24 14:42:59 CET 2021">
<HomePage URL="http://amsat-f.org/AMSATLIST/SatellitePage/UK/43472LO-94 (DSLWP-A2).html"></HomePage>
<FreqDefn IsFilter="0" IsTransmit="0" ModeEnum="7" ModeTx="33554432" FrequencyHz=" 436400000" CenterFreqHz=" 436400000" DisplaySpanHz="0" FilterHiHz="0" FilterLoHz="0" Title="LO-94 (DSLWP-A2): Beacon ">
</FreqDefn>
<FreqDefn IsFilter="0" IsTransmit="0" ModeEnum="7" ModeTx="33554432" FrequencyHz=" 435400000" CenterFreqHz=" 435400000" DisplaySpanHz="0" FilterHiHz="0" FilterLoHz="0" Title="LO-94 (DSLWP-A2): Beacon ">
</FreqDefn>
<FreqDefn IsFilter="0" IsTransmit="0" ModeEnum="7" ModeTx="33554432" FrequencyHz=" 2275220000" CenterFreqHz=" 2275220000" DisplaySpanHz="0" FilterHiHz="0" FilterLoHz="0" Title="LO-94 (DSLWP-A2): Beacon ">
</FreqDefn>
</SatCustomRoot>