<?xml version="1.0"?>
<!--                                                                --> 
<!-- ===================== WARNING ==========================       --> 
<!-- |                                                      |       --> 
<!-- | The contents of this file must not be changed if the |       --> 
<!-- | program is to operate correctly. To avoid problems,  |       --> 
<!-- | please do NOT edit this file.                        |       --> 
<!-- | This file has been automaticaly generated by JOSAST  |       --> 
<!-- | project and with data from AMSATLIST DATABASE.       |       --> 
<!-- |                                                      |       --> 
<!-- ========================================================       --> 
<!--                                                                --> 
<!-- Filename ..: SDR_SAT_0_Custom_data.XML" --> 
<!-- Created ...: Sun Jan 24 14:42:59 CET 2021                              --> 
<!-- Username ..: Automatic generation JOSAST                       --> 
<!-- Program ...: SDR Console.exe                                   --> 
<!--                                                                --> 
<SatCustomRoot xml:lang="EN" Description="SeeMe" Created="Sun Jan 24 14:42:59 CET 2021">
<HomePage URL="http://amsat-f.org/AMSATLIST/SatellitePage/UK/0SeeMe.html"></HomePage>
<FreqDefn IsFilter="0" IsTransmit="0" ModeEnum="7" ModeTx="33554432" FrequencyHz="437425000" CenterFreqHz="437425000" DisplaySpanHz="0" FilterHiHz="0" FilterLoHz="0" Title="SeeMe:Telemetry 1 ">
</FreqDefn>
<FreqDefn IsFilter="0" IsTransmit="0" ModeEnum="7" ModeTx="33554432" FrequencyHz="437450000" CenterFreqHz="437450000" DisplaySpanHz="0" FilterHiHz="0" FilterLoHz="0" Title="SeeMe:Telemetry 2">
</FreqDefn>
<FreqDefn IsFilter="0" IsTransmit="0" ModeEnum="1" ModeTx="67108864" FrequencyHz="2424250000" CenterFreqHz="2424250000" DisplaySpanHz="0" FilterHiHz="0" FilterLoHz="0" Title="SeeMe:Telemetry 3">
</FreqDefn>
</SatCustomRoot>