<?xml version="1.0"?>
<!--                                                                -->
<!-- ===================== WARNING ==========================       -->
<!-- | The contents of this file must not be changed if the |       -->
<!-- | program is to operate correctly. To avoid problems,  |       -->
<!-- | please do NOT edit this file.                        |       -->
<!-- ========================================================       -->
<!--                                                                -->
<!-- Filename ..: SDR_SAT_42759_Custom_data.XML                     -->
<!-- Created ...: 2021-08-24 14:54:36                               -->
<!-- Computer ..: LARSTH-T490                                       -->
<!-- Username ..: Lars Thunberg                                     -->
<!-- Program ...: SDR Console.exe                                   -->
<!--                                                                -->
<!-- E:\SDRPhaseTwo\SDRSatelliteTracking\CustomSatData.cpp line 194 -->
<!--                                                                -->
<SatCustomRoot xml:lang="EN" Description="Custom satellite data" Created="24-Aug-2021 14:54"><HomePage URL="http://amsat-f.org/AMSATLIST/SatellitePage/UK/42759CAS-4B (ZHUHAI-1 02).html"></HomePage><FreqDefn IsFilter="0" IsTransmit="0" ModeEnum="5" ModeTx="33554432" FrequencyHz="145910000" CenterFreqHz="145910000" DisplaySpanHz="0" FilterHiHz="0" FilterLoHz="0" Title="CAS-4B CW Beacon"></FreqDefn><FreqDefn IsFilter="0" IsTransmit="0" ModeEnum="8" ModeTx="33554432" FrequencyHz="145890000" CenterFreqHz="145890000" DisplaySpanHz="0" FilterHiHz="0" FilterLoHz="0" Title="CAS-4B Telemetry?"></FreqDefn><FreqDefn IsFilter="0" IsTransmit="1" ModeEnum="1" ModeTx="67108864" FrequencyHz="435280000" CenterFreqHz="0" DisplaySpanHz="0" FilterHiHz="0" FilterLoHz="0" Title="CAS-4B Uplink transponder SSB"></FreqDefn><FreqDefn IsFilter="0" IsTransmit="0" ModeEnum="1" ModeTx="33554432" FrequencyHz="145925000" CenterFreqHz="0" DisplaySpanHz="0" FilterHiHz="0" FilterLoHz="0" Title="CAS-4B Downlink Transponder SSB"></FreqDefn><FreqDefn IsFilter="0" IsTransmit="0" ModeEnum="1" ModeTx="33554432" FrequencyHz="145917000" CenterFreqHz="0" DisplaySpanHz="0" FilterHiHz="0" FilterLoHz="0" Title="Downlink FT4"></FreqDefn><FreqDefn IsFilter="0" IsTransmit="1" ModeEnum="1" ModeTx="67108864" FrequencyHz="435228000" CenterFreqHz="0" DisplaySpanHz="0" FilterHiHz="0" FilterLoHz="0" Title="Uplink FT4"></FreqDefn></SatCustomRoot>
