<?xml version="1.0"?>
<!--                                                                -->
<!-- ===================== WARNING ==========================       -->
<!-- | The contents of this file must not be changed if the |       -->
<!-- | program is to operate correctly. To avoid problems,  |       -->
<!-- | please do NOT edit this file.                        |       -->
<!-- ========================================================       -->
<!--                                                                -->
<!-- Filename ..: SDR_SAT_39444_Custom_data.XML                     -->
<!-- Created ...: 2021-01-25 15:16:35                               -->
<!-- Computer ..: LARSTH-T490                                       -->
<!-- Username ..: Lars Thunberg                                     -->
<!-- Program ...: SDR Console.exe                                   -->
<!--                                                                -->
<!-- E:\SDRPhaseTwo\SDRSatelliteTracking\CustomSatData.cpp line 194 -->
<!--                                                                -->
<SatCustomRoot xml:lang="EN" Description="Custom satellite data" Created="25-Jan-2021 15:16"><HomePage URL="https://funcube.org.uk/"></HomePage><FreqDefn IsFilter="0" IsTransmit="0" ModeEnum="1" ModeTx="33554432" FrequencyHz="145933000" CenterFreqHz="0" DisplaySpanHz="0" FilterHiHz="0" FilterLoHz="0" Title="Telemetry BPSK"></FreqDefn><FreqDefn IsFilter="0" IsTransmit="0" ModeEnum="1" ModeTx="33554432" FrequencyHz="145960000" CenterFreqHz="145960000" DisplaySpanHz="50000" FilterHiHz="0" FilterLoHz="3000" Title="Downlink Transponder SSB"></FreqDefn><FreqDefn IsFilter="0" IsTransmit="1" ModeEnum="1" ModeTx="67108864" FrequencyHz="435150000" CenterFreqHz="0" DisplaySpanHz="0" FilterHiHz="0" FilterLoHz="0" Title="Uplink Transponder SSB"></FreqDefn></SatCustomRoot>
